Compound_ID,Cell_Line,Concentration_Units,Control_Response,DATA0,DATA1,DATA2,DATA3,DATA4,DATA5,DATA6,DATA7,CONC0,CONC1,CONC2,CONC3,CONC4,CONC5,CONC6,CONC7,Compound Name,Target,MoA
DEMO-XL765-NF2,NF2-/- Ref,microM,7.47916667,4.350889224,5.152601474,3.975609749,5.001777982,4.009887804,4.214136657,2.969875641,0,0.003,0.01,0.03,0.1,0.3,1,3,10,XL765 (demo),HSP90,HSP90 inhibitor
DEMO-XL765-NF2,NF2-/- Test_1,microM,35.29,28.05282808,32.62500275,27.35863969,31.82662151,22.83708498,0.920943448,0,0,0.003,0.01,0.03,0.1,0.3,1,3,10,XL765 (demo),HSP90,HSP90 inhibitor
DEMO-XL765-NF2,NF2-/- Test_2,microM,35.29,40.76030239,40.31790106,40.00148254,39.67187493,38.78177115,37.08580743,3.056457059,0.089605735,0.003,0.01,0.03,0.1,0.3,1,3,10,XL765 (demo),HSP90,HSP90 inhibitor